"country_code","country","year","gender_inequality_index","police_trust","legal_system_trust","political_system_trust","corruption","cyber","economical","enviromental","sexual","violent","Region","trust_in_institutions"
"AUT","Austria",2004,0.215799614643545,7.2,6,4.4,0,0,1199.59103051101,0,16.155117697083,874.423511024027,"Western Europe",5.86666666666667
"AUT","Austria",2005,0.20616570327553,7.2,6,4.4,0,0,1129.26075296937,0,14.119211175089,743.851911194893,"Western Europe",5.86666666666667
"AUT","Austria",2006,0.202312138728324,7.2,6,4.4,0,0,1135.13980762435,0,14.6348047666362,688.568164550021,"Western Europe",5.86666666666667
"AUT","Austria",2007,0.192678227360308,7.2,6,4.4,0,0,1093.47192806096,0,15.0243744012894,682.927746207914,"Western Europe",5.86666666666667
"AUT","Austria",2008,0.20616570327553,7.2,6,4.4,0,0,1044.44978302942,0,21.7703747128556,678.489003805823,"Western Europe",5.86666666666667
"AUT","Austria",2009,0.190751445086705,7.2,6,4.4,0,0,1024.4469777103,0,20.0888432614044,696.3091976246,"Western Europe",5.86666666666667
"AUT","Austria",2010,0.186897880539499,7.2,6,4.4,0,0,961.831330287185,0,39.617423116466,447.218949177751,"Western Europe",5.86666666666667
"AUT","Austria",2011,0.171483622350674,7.2,6,4.4,0,0,924.078508397933,0,45.2383054481316,440.956451459747,"Western Europe",5.86666666666667
"AUT","Austria",2012,0.161849710982659,7.2,6,4.4,0,0,928.76935429593,0,46.2674402121544,464.822747594701,"Western Europe",5.86666666666667
"AUT","Austria",2013,0.138728323699422,7.2,6,4.4,63.9895991517666,46.0060255717355,1203.32729230292,0,45.3639693912188,589.47286087825,"Western Europe",5.86666666666667
"AUT","Austria",2014,0.132947976878613,7.2,6,4.4,69.1145783316969,39.8103331218266,1131.93347170505,0,42.7683578738281,568.75459560904,"Western Europe",5.86666666666667
"AUT","Austria",2015,0.134874759152216,7.2,6,4.4,90.6711504561274,44.8346130721255,1077.22462353716,0,45.7045473549438,531.409074786785,"Western Europe",5.86666666666667
"AUT","Austria",2016,0.13102119460501,7.2,6,4.4,57.6204958939695,73.0259548687656,1113.77029122189,0.881854544132965,61.8482891278413,549.905547799144,"Western Europe",5.86666666666667
"AUT","Austria",2017,0.111753371868979,7.2,6,4.4,47.3697785812227,22.4042197038467,1034.14519019399,0.803792621231743,61.1122151036356,477.496060033605,"Western Europe",5.86666666666667
"AUT","Austria",2018,0.0905587668593449,7.2,6,4.4,42.4892069567571,20.4828686839701,969.166574945145,1.03763873567006,68.3506858735221,425.390799447704,"Western Europe",5.86666666666667
"AUT","Austria",2019,0.0770712909441233,7.2,6,4.4,43.5893726550479,48.9031019027363,1015.94784805127,0.88762068697345,75.437245285118,404.568430038582,"Western Europe",5.86666666666667
"AUT","Austria",2020,0.0732177263969171,7.2,6,4.4,45.1518638005248,63.5868258572281,856.248214864014,0,61.1640136673811,337.609046340895,"Western Europe",5.86666666666667
"BEL","Belgium",2003,0.183044315992293,6.1,5,4.6,0,0,1172.02962750965,0,38.2453304100538,727.043049359792,"Western Europe",5.23333333333333
"BEL","Belgium",2004,0.175337186897881,6.1,5,4.6,0,0,1126.49547935965,0,13.3794430665462,692.94517037018,"Western Europe",5.23333333333333
"BEL","Belgium",2005,0.171483622350674,6.1,5,4.6,0,0,1109.46392169413,0,41.2447552768847,703.219441969754,"Western Europe",5.23333333333333
"BEL","Belgium",2006,0.169556840077071,6.1,5,4.6,0,0,1120.92102395378,0,44.1185121496647,750.001074292392,"Western Europe",5.23333333333333
"BEL","Belgium",2007,0.167630057803468,6.1,5,4.6,0,0,1099.29811000644,0,44.7516361230536,762.531711091236,"Western Europe",5.23333333333333
"BEL","Belgium",2008,0.165703275529865,6.1,5,4.6,0,0,1116.24576049534,0,44.6031236752417,775.522784978323,"Western Europe",5.23333333333333
"BEL","Belgium",2009,0.157996146435453,6.1,5,4.6,0,0,1134.09177768487,0,45.0816326356819,798.984823653008,"Western Europe",5.23333333333333
"BEL","Belgium",2010,0.15028901734104,6.1,5,4.6,0,0,1127.56184962283,0,64.4448256640087,881.907405257095,"Western Europe",5.23333333333333
"BEL","Belgium",2011,0.146435452793834,6.1,5,4.6,0,0,1189.12571404552,0,66.0670822354904,930.921710929445,"Western Europe",5.23333333333333
"BEL","Belgium",2012,0.136801541425819,6.1,5,4.6,0,0,1158.89127648751,0,64.4371039740767,915.5283327648,"Western Europe",5.23333333333333
"BEL","Belgium",2013,0.117533718689788,6.1,5,4.6,0,0,1089.65204465869,0,65.0240250072657,879.895513583589,"Western Europe",5.23333333333333
"BEL","Belgium",2014,0.104046242774566,6.1,5,4.6,60.4151677852084,52.43520614044,1018.39207726625,15.6874146391821,74.5674503606396,969.226974931646,"Western Europe",5.23333333333333
"BEL","Belgium",2015,0.0944123314065511,6.1,5,4.6,57.3282856247117,52.8094197293906,1455.90138471636,15.2778541425346,79.4775408724029,897.764676973578,"Western Europe",5.23333333333333
"BEL","Belgium",2016,0.0886319845857418,6.1,5,4.6,48.6105063307311,52.5024349486159,1391.01252700913,14.5686196103433,87.5297925092186,831.642021004045,"Western Europe",5.23333333333333
"BEL","Belgium",2017,0.0828516377649326,6.1,5,4.6,43.9125667010791,52.922135711977,1354.65045992457,13.8322314551984,98.1198375088638,807.809582763629,"Western Europe",5.23333333333333
"BEL","Belgium",2018,0.0751445086705202,6.1,5,4.6,45.4998088518233,0,1377.6179650177,0,92.2165786590302,689.821603005222,"Western Europe",5.23333333333333
"BEL","Belgium",2019,0.0655105973025048,6.1,5,4.6,45.3207758891429,0,1444.61619152323,0,99.1644549285977,584.897283220965,"Western Europe",5.23333333333333
"BEL","Belgium",2020,0.0655105973025048,6.1,5,4.6,39.7251463786039,0,1198.15200608543,0,91.800549718095,465.023498858641,"Western Europe",5.23333333333333
"CHE","Switzerland",2003,0.134874759152216,7.4,7,6.6,0,0,1417.99951730873,0,3.46714645982968,506.380860468057,"Western Europe",7
"CHE","Switzerland",2004,0.132947976878613,7.4,7,6.6,0,0,1444.7010660014,0,3.631574215364,518.231344576353,"Western Europe",7
"CHE","Switzerland",2005,0.1252408477842,7.4,7,6.6,0,0,1276.67783792416,0,4.09376446705776,465.871663770591,"Western Europe",7
"CHE","Switzerland",2006,0.113680154142582,7.4,7,6.6,0,0,1200.72047995582,0,4.04888884211567,445.694587095587,"Western Europe",7
"CHE","Switzerland",2007,0.0982658959537572,7.4,7,6.6,0,0,765.159173068032,0,4.10534584267502,455.433636716813,"Western Europe",7
"CHE","Switzerland",2008,0.092485549132948,7.4,7,6.6,0,0,765.312396545344,0,3.87669936089298,437.775641881371,"Western Europe",7
"CHE","Switzerland",2009,0.0867052023121387,7.4,7,6.6,0,0,850.533076994836,0,46.3232750158031,444.472900473023,"Western Europe",7
"CHE","Switzerland",2010,0.0828516377649326,7.4,7,6.6,0,0,1071.71001594938,0,31.5612992248021,425.140325994687,"Western Europe",7
"CHE","Switzerland",2011,0.0770712909441233,7.4,7,6.6,0,0,1250.66679271404,0,35.6591676027819,448.899027675184,"Western Europe",7
"CHE","Switzerland",2012,0.0732177263969171,7.4,7,6.6,0,0,1321.66290594522,0,32.6782001785576,508.924035016458,"Western Europe",7
"CHE","Switzerland",2013,0.0578034682080925,7.4,7,6.6,62.6436513083821,0,1334.91044807207,0,34.1289853344393,468.204260951991,"Western Europe",7
"CHE","Switzerland",2014,0.0539499036608863,7.4,7,6.6,46.4522686688189,7.47413205692834,1195.0827055323,0,34.7695863851016,431.574539568491,"Western Europe",7
"CHE","Switzerland",2015,0.0481695568400771,7.4,7,6.6,51.4957450468127,8.17553484892385,1119.6875889419,0,38.2410674257833,357.863735241825,"Western Europe",7
"CHE","Switzerland",2016,0.0481695568400771,7.4,7,6.6,48.5349208144671,10.515583156491,1072.39966999571,0,39.4576784748402,319.638174437232,"Western Europe",7
"CHE","Switzerland",2017,0.0385356454720617,7.4,7,6.6,43.291528575456,11.1091515678214,1032.3033587248,0,56.2128251946309,289.628672489709,"Western Europe",7
"CHE","Switzerland",2018,0.0346820809248555,7.4,7,6.6,47.1777461839714,14.8023499692067,1027.28308786748,0,62.2071063953045,274.405248251033,"Western Europe",7
"CHE","Switzerland",2019,0.00770712909441233,7.4,7,6.6,47.3443417436292,11.6700481652738,1053.51755138904,0,68.3679859255491,260.292768973182,"Western Europe",7
"CHE","Switzerland",2020,0.00770712909441233,7.4,7,6.6,47.207541650155,0,1007.01200080463,0,65.3657479842466,227.123354137864,"Western Europe",7
"CYP","Cyprus",2003,0.287090558766859,4.7,3.6,2.6,0,0,71.5648247598906,0,1.52265584602043,160.782940737241,"Eastern Europe",3.63333333333333
"CYP","Cyprus",2004,0.238921001926782,4.7,3.6,2.6,0,0,53.7343094151948,0,8.45685859923774,171.797756710311,"Eastern Europe",3.63333333333333
"CYP","Cyprus",2005,0.246628131021195,4.7,3.6,2.6,0,0,133.349999770871,0,7.16323371254829,145.209658236134,"Eastern Europe",3.63333333333333
"CYP","Cyprus",2006,0.229287090558767,4.7,3.6,2.6,0,0,160.431373361947,0,6.15768483519172,156.168360784303,"Eastern Europe",3.63333333333333
"CYP","Cyprus",2007,0.210019267822736,4.7,3.6,2.6,0,0,174.617041224117,0,6.95252033040337,135.645090526875,"Eastern Europe",3.63333333333333
"CYP","Cyprus",2008,0.213872832369942,4.7,3.6,2.6,0,0,150.707558319701,0,6.18699158255199,133.988512363042,"Eastern Europe",3.63333333333333
"CYP","Cyprus",2009,0.225433526011561,4.7,3.6,2.6,0,0,137.355561533553,0,4.95272457459907,136.365016620942,"Eastern Europe",3.63333333333333
"CYP","Cyprus",2010,0.223506743737958,4.7,3.6,2.6,0,0,159.021218375937,0,7.44454888989379,169.057224157672,"Eastern Europe",3.63333333333333
"CYP","Cyprus",2011,0.236994219653179,4.7,3.6,2.6,0,0,163.350894427075,0,7.24957859991215,174.41356306759,"Eastern Europe",3.63333333333333
"CYP","Cyprus",2012,0.238921001926782,4.7,3.6,2.6,0,0,155.186995411377,0,6.49160514307133,155.422198498214,"Eastern Europe",3.63333333333333
"CYP","Cyprus",2013,0.225433526011561,4.7,3.6,2.6,1.7864274382304,0,130.174146746461,0,4.41905734715829,139.905475162984,"Eastern Europe",3.63333333333333
"CYP","Cyprus",2014,0.198458574181118,4.7,3.6,2.6,4.22852358031085,0,108.156236467149,0,4.79232672434365,121.78147911476,"Eastern Europe",3.63333333333333
"CYP","Cyprus",2015,0.198458574181118,4.7,3.6,2.6,3.00515283989707,0,99.3109102568315,0,8.54590338850864,103.302128873613,"Eastern Europe",3.63333333333333
"CYP","Cyprus",2016,0.167630057803468,4.7,3.6,2.6,4.31721325435171,0,91.6000029613784,0,9.61987736024023,91.9754128097991,"Eastern Europe",3.63333333333333
"CYP","Cyprus",2017,0.175337186897881,4.7,3.6,2.6,3.5641334167563,0,56.5102732522247,0,11.0675721888521,80.9433457539021,"Eastern Europe",3.63333333333333
"CYP","Cyprus",2018,0.184971098265896,4.7,3.6,2.6,2.20274810540951,0,44.195563050557,0,14.341296175196,68.3789252270534,"Eastern Europe",3.63333333333333
"CYP","Cyprus",2019,0.183044315992293,4.7,3.6,2.6,2.20142070552572,0,40.4218312520103,0,11.4286521733059,66.9325571953282,"Eastern Europe",3.63333333333333
"CYP","Cyprus",2020,0.173410404624277,4.7,3.6,2.6,2.01293696898378,0,35.4370531509067,0,10.485997233597,47.2806125262849,"Eastern Europe",3.63333333333333
"CZE","Czechia",2003,0.269749518304432,4.9,3.8,3.7,0,0,800.518793760409,0,12.2200475916071,357.489230310357,"Eastern Europe",4.13333333333333
"CZE","Czechia",2004,0.267822736030828,4.9,3.8,3.7,0,0,895.219094445372,0,12.469824751824,453.428958888746,"Eastern Europe",4.13333333333333
"CZE","Czechia",2005,0.265895953757225,4.9,3.8,3.7,0,0,850.988073309938,0,11.7442925156446,409.263376364981,"Eastern Europe",4.13333333333333
"CZE","Czechia",2006,0.263969171483622,4.9,3.8,3.7,0,0,826.786059213465,0,10.3028843969409,372.119050294897,"Eastern Europe",4.13333333333333
"CZE","Czechia",2007,0.273603082851638,4.9,3.8,3.7,0,0,838.589694411502,0,11.1716540713277,381.099413412666,"Eastern Europe",4.13333333333333
"CZE","Czechia",2008,0.269749518304432,4.9,3.8,3.7,0,0,797.647847831061,0,10.6090501601878,364.545021461832,"Eastern Europe",4.13333333333333
"CZE","Czechia",2009,0.273603082851638,4.9,3.8,3.7,0,0,735.4308637,0,10.6132481521694,367.040698199935,"Eastern Europe",4.13333333333333
"CZE","Czechia",2010,0.240847784200385,4.9,3.8,3.7,0,0,669.518061857892,0,12.8409933826874,388.303188078911,"Eastern Europe",4.13333333333333
"CZE","Czechia",2011,0.238921001926782,4.9,3.8,3.7,0,0,656.280180216796,0,13.9835357825415,398.425124957969,"Eastern Europe",4.13333333333333
"CZE","Czechia",2012,0.246628131021195,4.9,3.8,3.7,0,0,626.628985748448,0,13.5415707987605,371.365574217782,"Eastern Europe",4.13333333333333
"CZE","Czechia",2013,0.252408477842004,4.9,3.8,3.7,1.98320669784417,8.3553986785478,763.856309538869,0,13.6087355488672,452.945014106458,"Eastern Europe",4.13333333333333
"CZE","Czechia",2014,0.254335260115607,4.9,3.8,3.7,38.7420023282895,14.8091640035592,638.273047778924,0.27851216349207,16.9759192412883,331.570552318787,"Eastern Europe",4.13333333333333
"CZE","Czechia",2015,0.240847784200385,4.9,3.8,3.7,34.1846568626083,16.3456344936653,516.832252111579,0.249698294261561,16.9954783709431,254.935875243321,"Eastern Europe",4.13333333333333
"CZE","Czechia",2016,0.238921001926782,4.9,3.8,3.7,28.6092222203765,16.0572741028429,438.890822451035,0.139252676132182,17.1755464448913,217.164855604201,"Eastern Europe",4.13333333333333
"CZE","Czechia",2017,0.229287090558767,4.9,3.8,3.7,26.3230460882703,18.3761943414597,403.339939505365,0.144051693294078,18.7373727249524,157.266035294371,"Eastern Europe",4.13333333333333
"CZE","Czechia",2018,0.221579961464355,4.9,3.8,3.7,25.0884634737938,20.6613700148895,363.45380941335,0.21127127135604,20.3012485296198,143.443590012763,"Eastern Europe",4.13333333333333
"CZE","Czechia",2019,0.211946050096339,4.9,3.8,3.7,22.682388071557,27.695176629305,366.471335133951,0.25928216677917,22.5260324737422,147.18104181994,"Eastern Europe",4.13333333333333
"CZE","Czechia",2020,0.213872832369942,4.9,3.8,3.7,16.4737387652587,18.2934843182027,289.205102608487,0,17.1507417282629,131.896888945588,"Eastern Europe",4.13333333333333
"DEU","Germany",2003,0.192678227360308,6.4,5.3,4.9,0,0,1613.57955284306,0,39.4622507915337,586.727568213557,"Western Europe",5.53333333333333
"DEU","Germany",2004,0.179190751445087,6.4,5.3,4.9,0,0,1567.34737569928,0,41.1671286910424,609.472315896519,"Western Europe",5.53333333333333
"DEU","Germany",2005,0.18111753371869,6.4,5.3,4.9,0,0,1450.88936634475,0,39.4236656066392,589.47642178437,"Western Europe",5.53333333333333
"DEU","Germany",2006,0.175337186897881,6.4,5.3,4.9,0,0,1378.31470364904,0,37.5644729725644,593.600089942221,"Western Europe",5.53333333333333
"DEU","Germany",2007,0.175337186897881,6.4,5.3,4.9,0,0,1348.83301530368,0,39.7076983232027,605.521235932751,"Western Europe",5.53333333333333
"DEU","Germany",2008,0.171483622350674,6.4,5.3,4.9,0,0,1277.85164525932,0,39.8846039854774,597.955341066744,"Western Europe",5.53333333333333
"DEU","Germany",2009,0.161849710982659,6.4,5.3,4.9,0,0,814.604446667832,0,35.1054618737367,367.494392373819,"Western Europe",5.53333333333333
"DEU","Germany",2010,0.157996146435453,6.4,5.3,4.9,0,0,806.774184780428,0,45.5217472038322,369.309895370956,"Western Europe",5.53333333333333
"DEU","Germany",2011,0.146435452793834,6.4,5.3,4.9,0,0,838.39478770055,0,45.2578043487102,381.740255234195,"Western Europe",5.53333333333333
"DEU","Germany",2012,0.140655105973025,6.4,5.3,4.9,0,0,828.86158197834,0,45.1618649383408,386.037650869562,"Western Europe",5.53333333333333
"DEU","Germany",2013,0.123314065510597,6.4,5.3,4.9,10.8774315745491,112.556362912693,1428.30418021832,0,43.9827934224664,393.569360794681,"Western Europe",5.53333333333333
"DEU","Germany",2014,0.123314065510597,6.4,5.3,4.9,27.5753411789693,114.093977835328,1467.46615248322,0,43.5207490700331,446.850251768892,"Western Europe",5.53333333333333
"DEU","Germany",2015,0.123314065510597,6.4,5.3,4.9,14.1308826445469,113.459123719629,1482.35772419822,0,42.6565671584368,458.717643421871,"Western Europe",5.53333333333333
"DEU","Germany",2016,0.136801541425819,6.4,5.3,4.9,10.5318073660228,117.283999476077,1407.16523928803,7.84470261430212,46.2677485302084,452.690106882324,"Western Europe",5.53333333333333
"DEU","Germany",2017,0.140655105973025,6.4,5.3,4.9,6.42423412186842,119.064630194302,1326.36563927801,7.18112480031196,53.5082389451454,404.087732399529,"Western Europe",5.53333333333333
"DEU","Germany",2018,0.132947976878613,6.4,5.3,4.9,6.99185476714736,130.093438748573,1233.89337427377,7.10700594065043,62.2272755395809,380.182444885186,"Western Europe",5.53333333333333
"DEU","Germany",2019,0.1252408477842,6.4,5.3,4.9,7.16360740277846,137.968377208493,1192.96439803816,7.37150077948658,69.0319386404155,365.878731088528,"Western Europe",5.53333333333333
"DEU","Germany",2020,0.121387283236994,6.4,5.3,4.9,7.12374440669696,145.705314824257,1115.2223424765,0,65.5515196322703,332.999469839682,"Western Europe",5.53333333333333
"ESP","Spain",2005,0.211946050096339,5.4,3.1,1.9,0,0,130.894311082203,0,2.29283881930633,610.171552297965,"Western Europe",3.46666666666667
"ESP","Spain",2006,0.213872832369942,5.4,3.1,1.9,0,0,126.932993511542,0,2.25204389379526,604.207734535595,"Western Europe",3.46666666666667
"ESP","Spain",2007,0.219653179190751,5.4,3.1,1.9,0,0,262.271595479598,0,13.7967762497094,250.196470063447,"Western Europe",3.46666666666667
"ESP","Spain",2008,0.208092485549133,5.4,3.1,1.9,0,0,254.463373659151,0,14.9930109014175,341.986346979188,"Western Europe",3.46666666666667
"ESP","Spain",2009,0.188824662813102,5.4,3.1,1.9,0,0,233.163325085779,0,13.6428312916625,362.194405959419,"Western Europe",3.46666666666667
"ESP","Spain",2010,0.175337186897881,5.4,3.1,1.9,0,0,225.27722772374,0,12.3581630083228,332.096706576811,"Western Europe",3.46666666666667
"ESP","Spain",2011,0.15606936416185,5.4,3.1,1.9,0,0,221.666587470927,0,12.2177421823013,295.134801114427,"Western Europe",3.46666666666667
"ESP","Spain",2012,0.144508670520231,5.4,3.1,1.9,0,0,227.559816358264,0,11.0211531324092,296.472018798146,"Western Europe",3.46666666666667
"ESP","Spain",2013,0.134874759152216,5.4,3.1,1.9,0,0,219.570580540944,0,10.9494440640952,289.431268903333,"Western Europe",3.46666666666667
"ESP","Spain",2014,0.1252408477842,5.4,3.1,1.9,0,0,205.384114087053,0,11.4701605450157,331.848338644728,"Western Europe",3.46666666666667
"ESP","Spain",2015,0.115606936416185,5.4,3.1,1.9,0,0,253.773844809827,0,18.2000094959352,274.466727464602,"Western Europe",3.46666666666667
"ESP","Spain",2016,0.107899807321773,5.4,3.1,1.9,2.95567209329816,80.5958965549203,404.968856851353,0.559210160457768,23.0269736707253,291.906339737229,"Western Europe",3.46666666666667
"ESP","Spain",2017,0.104046242774566,5.4,3.1,1.9,2.94710002547086,106.424484852956,439.414649235788,0.604203712964655,24.8796115920536,274.343020776362,"Western Europe",3.46666666666667
"ESP","Spain",2018,0.092485549132948,5.4,3.1,1.9,2.77461765781175,151.250943341099,522.612626860572,0.700617740621176,29.6322209633013,276.064219493266,"Western Europe",3.46666666666667
"ESP","Spain",2019,0.0809248554913295,5.4,3.1,1.9,2.6889097819268,210.36273236568,570.650932452782,1.0659224035922,32.9718136196614,273.540824905254,"Western Europe",3.46666666666667
"ESP","Spain",2020,0.0809248554913295,5.4,3.1,1.9,2.10291855100335,273.943975092711,519.921168885129,0,25.7856594613683,179.610008348142,"Western Europe",3.46666666666667
"EST","Estonia",2003,0.425818882466281,6,5.2,4.4,0,0,1406.24407340009,0,13.0587048778782,76.5272549818704,"Eastern Europe",5.2
"EST","Estonia",2004,0.408477842003854,6,5.2,4.4,0,0,1288.94949087697,0,26.2512692202139,66.2570674441444,"Eastern Europe",5.2
"EST","Estonia",2005,0.40655105973025,6,5.2,4.4,0,0,1236.04753140555,0,23.5828062438383,59.261440819508,"Eastern Europe",5.2
"EST","Estonia",2006,0.398843930635838,6,5.2,4.4,0,0,1080.64882448424,0,20.5857206088927,46.5716401150756,"Eastern Europe",5.2
"EST","Estonia",2007,0.410404624277457,6,5.2,4.4,0,0,921.603389823512,0,14.8645708038355,41.9944431992688,"Eastern Europe",5.2
"EST","Estonia",2008,0.377649325626204,6,5.2,4.4,0,0,954.871391469393,0,21.448655436321,42.6941986053107,"Eastern Europe",5.2
"EST","Estonia",2009,0.350674373795761,6,5.2,4.4,0,0,1009.06453223152,0,17.5931122390179,33.8047791749956,"Eastern Europe",5.2
"EST","Estonia",2010,0.292870905587669,6,5.2,4.4,0,0,1061.62090703571,0,14.4675972477425,28.5288013140208,"Eastern Europe",5.2
"EST","Estonia",2011,0.317919075144509,6,5.2,4.4,0,0,850.655902467007,0,16.3407881107979,25.6899952390421,"Eastern Europe",5.2
"EST","Estonia",2012,0.292870905587669,6,5.2,4.4,0,0,782.594642217864,0,22.0775608231219,22.6061212115256,"Eastern Europe",5.2
"EST","Estonia",2013,0.269749518304432,6,5.2,4.4,0,0,691.833137937213,0,20.9843580512831,23.4243996851506,"Eastern Europe",5.2
"EST","Estonia",2014,0.287090558766859,6,5.2,4.4,0,1.54559094104012,664.400737426438,0.488081349833975,22.5737624285172,17.7742958222071,"Eastern Europe",5.2
"EST","Estonia",2015,0.223506743737958,6,5.2,4.4,0,5.40984213103389,538.055576759891,0.488106056909524,34.3301260042368,17.693844563679,"Eastern Europe",5.2
"EST","Estonia",2016,0.215799614643545,6,5.2,4.4,0,4.84007930824619,445.490661035567,0.85413164260722,4.79940637289294,0,"Eastern Europe",5.2
"EST","Estonia",2017,0.177263969171484,6,5.2,4.4,23.9526647048906,4.92066626371441,382.876635313065,1.05733324675511,27.3279977622976,14.8839987810502,"Eastern Europe",5.2
"EST","Estonia",2018,0.171483622350674,6,5.2,4.4,30.6569095831922,7.64389788023854,369.631253343928,0.650544500436986,31.5514082713639,11.7911190705196,"Eastern Europe",5.2
"EST","Estonia",2019,0.15028901734104,6,5.2,4.4,6.01666380252908,7.39887035172859,364.658610195011,0.772409542215294,35.9780234139213,11.3828774641717,"Eastern Europe",5.2
"EST","Estonia",2020,0.15606936416185,6,5.2,4.4,6.66680018503874,0,359.234836799045,0,25.2037567971023,3.13014398932181,"Eastern Europe",5.2
"FIN","Finland",2003,0.142581888246628,8.2,7.2,6,0,0,1536.93088547205,0,20.2735503282156,551.583632051455,"Western Europe",7.13333333333333
"FIN","Finland",2004,0.140655105973025,8.2,7.2,6,0,0,1419.6460479406,0,22.2112335051296,518.585244645501,"Western Europe",7.13333333333333
"FIN","Finland",2005,0.132947976878613,8.2,7.2,6,0,0,1335.15430311596,0,23.6403773078024,487.620425887468,"Western Europe",7.13333333333333
"FIN","Finland",2006,0.121387283236994,8.2,7.2,6,0,0,1264.6771989451,0,31.4400151919912,482.092780089993,"Western Europe",7.13333333333333
"FIN","Finland",2007,0.109826589595376,8.2,7.2,6,0,0,1255.21524671724,0,28.840705352319,515.105348254451,"Western Europe",7.13333333333333
"FIN","Finland",2008,0.107899807321773,8.2,7.2,6,0,0,1260.97272089839,0,35.9517136993346,518.717083550503,"Western Europe",7.13333333333333
"FIN","Finland",2009,0.10597302504817,8.2,7.2,6,0,0,1285.2501044723,0,26.9546043768059,505.288285258233,"Western Europe",7.13333333333333
"FIN","Finland",2010,0.107899807321773,8.2,7.2,6,0,0,1031.60557097923,0,45.1653171337637,334.972182291206,"Western Europe",7.13333333333333
"FIN","Finland",2011,0.0963391136801541,8.2,7.2,6,0,0,1049.21466499543,0,60.3063970205049,353.786241138482,"Western Europe",7.13333333333333
"FIN","Finland",2012,0.0944123314065511,8.2,7.2,6,0,0,975.431955165626,0,63.442958204246,303.397488485153,"Western Europe",7.13333333333333
"FIN","Finland",2013,0.0905587668593449,8.2,7.2,6,38.8527356823577,0,1573.84146299063,0,56.2052646907418,265.295637922077,"Western Europe",7.13333333333333
"FIN","Finland",2014,0.0905587668593449,8.2,7.2,6,65.6902057148441,4.13796571432503,1573.58372094951,9.68660155852331,56.2387158446637,287.790551869626,"Western Europe",7.13333333333333
"FIN","Finland",2015,0.0770712909441233,8.2,7.2,6,65.9868799950074,4.93702607914782,1588.40585720239,8.95247395686087,57.3729449692933,287.588079354646,"Western Europe",7.13333333333333
"FIN","Finland",2016,0.0655105973025048,8.2,7.2,6,71.5689034778908,5.53857366290843,1564.24741735954,9.50678773040158,64.1485838301796,290.39773654085,"Western Europe",7.13333333333333
"FIN","Finland",2017,0.0539499036608863,8.2,7.2,6,67.5506820055741,5.3596727092369,1531.00461379934,8.05831493301312,61.7030669004302,132.658644762772,"Western Europe",7.13333333333333
"FIN","Finland",2018,0.0443159922928709,8.2,7.2,6,73.0393528851835,5.65095920237659,1504.82880962203,9.08290613891356,71.4889182618769,136.746502443618,"Western Europe",7.13333333333333
"FIN","Finland",2019,0.0327552986512524,8.2,7.2,6,75.2184395101673,8.26462604114429,1589.69470752703,8.35864909056587,82.0956328656503,136.192669120688,"Western Europe",7.13333333333333
"FIN","Finland",2020,0.0346820809248555,8.2,7.2,6,76.7771162880074,0,1777.20314132953,0,84.5996194415338,118.213196218492,"Western Europe",7.13333333333333
"FRA","France",2003,0.302504816955684,5.6,4.5,3,0,0,636.98334813357,0,27.618687694838,510.960977084047,"Western Europe",4.36666666666667
"FRA","France",2004,0.279383429672447,5.6,4.5,3,0,0,857.177973521844,0,28.0256474574885,494.575947270476,"Western Europe",4.36666666666667
"FRA","France",2005,0.275529865125241,5.6,4.5,3,0,0,835.630590223544,0,25.8264115987819,480.974871169277,"Western Europe",4.36666666666667
"FRA","France",2006,0.275529865125241,5.6,4.5,3,0,0,813.056405390297,0,24.9009769365773,488.044046286146,"Western Europe",4.36666666666667
"FRA","France",2007,0.236994219653179,5.6,4.5,3,0,0,759.40778770409,0,25.4582777639934,467.626438414135,"Western Europe",4.36666666666667
"FRA","France",2008,0.229287090558767,5.6,4.5,3,0,0,734.158880395871,0,26.1665984840907,460.964734889909,"Western Europe",4.36666666666667
"FRA","France",2009,0.221579961464355,5.6,4.5,3,0,0,1055.04838276938,0,25.2412312563964,499.862562866151,"Western Europe",4.36666666666667
"FRA","France",2010,0.221579961464355,5.6,4.5,3,0,0,1043.29022386375,0,25.2227111186353,520.431727999618,"Western Europe",4.36666666666667
"FRA","France",2011,0.215799614643545,5.6,4.5,3,0,0,1030.08464288227,0,26.142282604241,533.878920203137,"Western Europe",4.36666666666667
"FRA","France",2012,0.186897880539499,5.6,4.5,3,0,0,1031.29692619739,0,28.7282765175541,550.744512962629,"Western Europe",4.36666666666667
"FRA","France",2013,0.179190751445087,5.6,4.5,3,0,0,1192.22221332367,0,29.705017093896,568.747888850027,"Western Europe",4.36666666666667
"FRA","France",2014,0.171483622350674,5.6,4.5,3,0,0,1219.09646817204,0,32.8827996322239,559.881219477819,"Western Europe",4.36666666666667
"FRA","France",2015,0.159922928709056,5.6,4.5,3,2.84698770546055,0,1193.88540013362,0,50.7668319318835,556.258536487338,"Western Europe",4.36666666666667
"FRA","France",2016,0.15028901734104,5.6,4.5,3,5.92274121845371,7.5532872814307,1328.2094188206,4.90994179299701,62.6890543394111,601.050170886201,"Western Europe",4.36666666666667
"FRA","France",2017,0.113680154142582,5.6,4.5,3,5.79306656057347,7.49453200247281,800.542922323446,5.11126014862575,70.600913098806,685.483519983602,"Western Europe",4.36666666666667
"FRA","France",2018,0.123314065510597,5.6,4.5,3,6.38180766115579,7.17038188697187,794.412268078847,5.00523466541196,83.8358458678623,700.732118112576,"Western Europe",4.36666666666667
"FRA","France",2019,0.138728323699422,5.6,4.5,3,6.48398070651489,7.88495371967283,829.785562443501,5.06012843892319,96.3519615516447,741.136677782075,"Western Europe",4.36666666666667
"FRA","France",2020,0.134874759152216,5.6,4.5,3,6.08128529248469,0,697.560944898392,0,96.8506075286953,600.33648894874,"Western Europe",4.36666666666667
"GRC","Greece",2003,0.385356454720617,5,4.1,2,0,0,311.739816820916,0,5.16102839363854,188.007586544821,"Western Europe",3.7
"GRC","Greece",2004,0.312138728323699,5,4.1,2,0,0,337.152467566578,0,3.95521588881623,166.511848584764,"Western Europe",3.7
"GRC","Greece",2005,0.315992292870906,5,4.1,2,0,0,361.745299011925,0,3.69948098833039,216.858094823165,"Western Europe",3.7
"GRC","Greece",2006,0.312138728323699,5,4.1,2,0,0,410.312662007308,0,4.00561256281682,237.317700286718,"Western Europe",3.7
"GRC","Greece",2007,0.300578034682081,5,4.1,2,0,0,472.768928494503,0,3.3800530132745,276.465498289825,"Western Europe",3.7
"GRC","Greece",2008,0.30635838150289,5,4.1,2,0,0,524.855663147823,0,4.1750920462732,321.390728875105,"Western Europe",3.7
"GRC","Greece",2009,0.275529865125241,5,4.1,2,0,0,575.963400125179,0,5.19408618291553,349.598089187426,"Western Europe",3.7
"GRC","Greece",2010,0.265895953757225,5,4.1,2,0,0,667.482062824564,0,4.17104906306567,402.974506796797,"Western Europe",3.7
"GRC","Greece",2011,0.242774566473988,5,4.1,2,0,0,737.348019852583,0,3.59559385106543,435.679066368001,"Western Europe",3.7
"GRC","Greece",2012,0.211946050096339,5,4.1,2,0,0,686.45284495235,0,3.91099568221344,399.232246158505,"Western Europe",3.7
"GRC","Greece",2013,0.20616570327553,5,4.1,2,0,0,618.70629179396,0,4.27665792852538,340.162943855017,"Western Europe",3.7
"GRC","Greece",2014,0.200385356454721,5,4.1,2,6.84471065705593,1.92821621981182,557.68867260775,0,6.96351070851355,305.902400036369,"Western Europe",3.7
"GRC","Greece",2015,0.208092485549133,5,4.1,2,7.78625473985494,5.67976211362306,387.740863969072,0,6.72615432924422,236.804498613261,"Western Europe",3.7
"GRC","Greece",2016,0.211946050096339,5,4.1,2,4.89858607895456,5.89932334693465,398.256876048598,0.0868219547540514,6.94575638058667,233.030126568706,"Western Europe",3.7
"GRC","Greece",2017,0.221579961464355,5,4.1,2,14.6369447859083,6.64900239258702,601.316583390424,0.100534744080382,5.73048041259986,116.309559379067,"Western Europe",3.7
"GRC","Greece",2018,0.217726396917148,5,4.1,2,13.5681911710002,9.21759568607492,493.756027914513,0.0776892050854454,5.95007911911088,108.056544371119,"Western Europe",3.7
"GRC","Greece",2019,0.20616570327553,5,4.1,2,12.6181942733964,5.51160532188243,506.277053028892,0.0731224586648216,4.80780165723692,116.390539091661,"Western Europe",3.7
"GRC","Greece",2020,0.202312138728324,5,4.1,2,10.6306635274198,5.44330191794286,367.639971688199,0,2.23033697393783,69.7303160331257,"Western Europe",3.7
"HUN","Hungary",2003,0.475915221579961,5.7,5.1,4.5,0,0,698.880510066064,0,5.57337216439279,314.23639331982,"Eastern Europe",5.1
"HUN","Hungary",2004,0.48747591522158,5.7,5.1,4.5,0,0,705.05749534639,0,5.28847838683709,307.632671051218,"Eastern Europe",5.1
"HUN","Hungary",2005,0.477842003853565,5.7,5.1,4.5,0,0,688.254211171729,0,5.71110406418133,294.7988440116,"Eastern Europe",5.1
"HUN","Hungary",2006,0.447013487475915,5.7,5.1,4.5,0,0,667.246692685055,0,4.37253426465688,274.151281054935,"Eastern Europe",5.1
"HUN","Hungary",2007,0.445086705202312,5.7,5.1,4.5,0,0,677.142750308759,0,4.3675791386897,280.583871940318,"Eastern Europe",5.1
"HUN","Hungary",2008,0.4373795761079,5.7,5.1,4.5,0,0,647.140118220736,0,13.9532827063115,299.825043719503,"Eastern Europe",5.1
"HUN","Hungary",2009,0.421965317919075,5.7,5.1,4.5,0,0,637.600577647318,0,8.60335957125859,273.1592117601,"Eastern Europe",5.1
"HUN","Hungary",2010,0.435452793834297,5.7,5.1,4.5,0,0,717.365040774067,0,7.82981763458329,316.822523312063,"Eastern Europe",5.1
"HUN","Hungary",2011,0.439306358381503,5.7,5.1,4.5,0,0,696.45855747386,0,5.11652668319967,319.210172175758,"Eastern Europe",5.1
"HUN","Hungary",2012,0.439306358381503,5.7,5.1,4.5,0,0,702.788722043409,0,7.87613756257584,325.202512481893,"Eastern Europe",5.1
"HUN","Hungary",2013,0.454720616570328,5.7,5.1,4.5,5.3561435741357,0,849.335702235024,0,31.6786362340961,279.371863011088,"Eastern Europe",5.1
"HUN","Hungary",2014,0.450867052023121,5.7,5.1,4.5,3.54371355444993,0,737.097510870017,0,5.55487282745327,239.900213700067,"Eastern Europe",5.1
"HUN","Hungary",2015,0.448940269749518,5.7,5.1,4.5,0,0,743.839133842691,0,0,152.928751548482,"Eastern Europe",5.1
"HUN","Hungary",2016,0.458574181117534,5.7,5.1,4.5,13.5951504398025,0,705.944734991697,3.21802811908981,10.5642191751286,41.4695755621771,"Eastern Europe",5.1
"HUN","Hungary",2017,0.450867052023121,5.7,5.1,4.5,13.9162708996355,0,538.783219964085,5.52475445522049,21.9410567439721,38.1501119655739,"Eastern Europe",5.1
"HUN","Hungary",2018,0.414258188824663,5.7,5.1,4.5,23.7544538051636,0,421.653012173457,5.38739809772567,9.35170252713504,31.9469657693111,"Eastern Europe",5.1
"HUN","Hungary",2019,0.410404624277457,5.7,5.1,4.5,18.8308854982963,0,377.284785682423,3.98717775693568,6.89481313269113,27.072929775985,"Eastern Europe",5.1
"HUN","Hungary",2020,0.418111753371869,5.7,5.1,4.5,25.4921144441957,0,337.075415781385,0,7.02229840561262,1.23608498732204,"Eastern Europe",5.1
"IRL","Ireland",2003,0.344894026974952,6.9,5.1,3.2,0,0,782.39476810798,0,4.12320449227128,431.476634422549,"Western Europe",5.06666666666667
"IRL","Ireland",2004,0.335260115606936,6.9,5.1,3.2,0,0,804.514655244348,0,24.070390568673,443.971169677954,"Western Europe",5.06666666666667
"IRL","Ireland",2005,0.323699421965318,6.9,5.1,3.2,0,0,813.589661353664,0,25.0718946519136,460.445567943615,"Western Europe",5.06666666666667
"IRL","Ireland",2006,0.321772639691715,6.9,5.1,3.2,0,0,829.00776689503,0,19.8739311633703,457.256203450774,"Western Europe",5.06666666666667
"IRL","Ireland",2007,0.310211946050096,6.9,5.1,3.2,0,0,836.265749267371,0,19.1632648756298,456.303695908378,"Western Europe",5.06666666666667
"IRL","Ireland",2008,0.308285163776493,6.9,5.1,3.2,0,0,854.451556502584,0,19.4989400359993,480.736694933997,"Western Europe",5.06666666666667
"IRL","Ireland",2009,0.296724470134875,6.9,5.1,3.2,0,0,856.009374262561,0,20.1025685509377,501.475185736052,"Western Europe",5.06666666666667
"IRL","Ireland",2010,0.287090558766859,6.9,5.1,3.2,0,0,853.487497551382,0,31.5950126654162,486.45654521658,"Western Europe",5.06666666666667
"IRL","Ireland",2011,0.242774566473988,6.9,5.1,3.2,0,0,854.984475479359,0,27.3798520546108,504.766732968891,"Western Europe",5.06666666666667
"IRL","Ireland",2012,0.23121387283237,6.9,5.1,3.2,0,0,848.563951093513,0,29.2658047059343,495.541711031055,"Western Europe",5.06666666666667
"IRL","Ireland",2013,0.20616570327553,6.9,5.1,3.2,0.177699165958805,0,1009.87546636148,0,41.825941188138,357.552934309896,"Western Europe",5.06666666666667
"IRL","Ireland",2014,0.194605009633911,6.9,5.1,3.2,0.344274103262222,0,1006.59084423462,0,41.4017373209411,372.049249461152,"Western Europe",5.06666666666667
"IRL","Ireland",2015,0.183044315992293,6.9,5.1,3.2,0.322025426418291,0,923.846531111963,0,51.2131471264365,352.495694358547,"Western Europe",5.06666666666667
"IRL","Ireland",2016,0.15028901734104,6.9,5.1,3.2,0.244247674350853,0,781.037449572924,0,59.6852498778572,278.697698602021,"Western Europe",5.06666666666667
"IRL","Ireland",2017,0.138728323699422,6.9,5.1,3.2,0.388477846468326,0,824.949356038319,0,63.9878509978187,294.444008893436,"Western Europe",5.06666666666667
"IRL","Ireland",2018,0.134874759152216,6.9,5.1,3.2,0.0665775750059843,0,807.253096908534,0,71.3045828279632,277.894798061695,"Western Europe",5.06666666666667
"IRL","Ireland",2019,0.1252408477842,6.9,5.1,3.2,0.0554665723237555,0,828.093738158526,0,74.2697403410303,276.401023201714,"Western Europe",5.06666666666667
"IRL","Ireland",2020,0.113680154142582,6.9,5.1,3.2,0.0665449264414452,0,633.62969873311,0,61.7647825566639,162.413983795388,"Western Europe",5.06666666666667
"ISL","Iceland",2003,0.215799614643545,7.7,5.7,3.7,0,0,1424.71476203245,0,14.4928967388593,615.002922504646,"Western Europe",5.7
"ISL","Iceland",2004,0.194605009633911,7.7,5.7,3.7,0,0,807.8744328939,0,10.6822909193804,587.316543914242,"Western Europe",5.7
"ISL","Iceland",2005,0.179190751445087,7.7,5.7,3.7,0,0,731.889159443246,0,75.7774571879794,478.671375569039,"Western Europe",5.7
"ISL","Iceland",2006,0.179190751445087,7.7,5.7,3.7,0,0,814.821084635628,0,73.3941931272528,513.759351897005,"Western Europe",5.7
"ISL","Iceland",2007,0.184971098265896,7.7,5.7,3.7,0,0,727.348780369548,0,90.2458930798588,490.349818106986,"Western Europe",5.7
"ISL","Iceland",2008,0.188824662813102,7.7,5.7,3.7,0,0,972.160639491014,0,89.8393469284351,587.458665358136,"Western Europe",5.7
"ISL","Iceland",2009,0.163776493256262,7.7,5.7,3.7,0,0,1147.01977941543,0,16.0077908024545,751.750483415233,"Western Europe",5.7
"ISL","Iceland",2010,0.152215799614644,7.7,5.7,3.7,0,0,1017.31802727803,0,68.7349401115005,606.544932828421,"Western Europe",5.7
"ISL","Iceland",2011,0.142581888246628,7.7,5.7,3.7,0,0,869.047186892765,0,91.4356833475723,408.603209952107,"Western Europe",5.7
"ISL","Iceland",2012,0.136801541425819,7.7,5.7,3.7,0,0,854.229791355904,0,86.4011048443171,305.256733624141,"Western Europe",5.7
"ISL","Iceland",2013,0.111753371868979,7.7,5.7,3.7,0,0,841.268438800372,0,297.588787215169,250.976042832288,"Western Europe",5.7
"ISL","Iceland",2014,0.107899807321773,7.7,5.7,3.7,0,0,758.075316448197,0,170.404269097893,263.333566195637,"Western Europe",5.7
"ISL","Iceland",2015,0.0944123314065511,7.7,5.7,3.7,0,0,832.954297440726,0,179.54928039761,286.588274487397,"Western Europe",5.7
"ISL","Iceland",2016,0.0751445086705202,7.7,5.7,3.7,0,0,715.786409239015,0,202.018493526983,235.688242441911,"Western Europe",5.7
"ISL","Iceland",2017,0.0809248554913295,7.7,5.7,3.7,0,0,883.810510895933,0,192.80192631487,245.457914589543,"Western Europe",5.7
"ISL","Iceland",2018,0.0751445086705202,7.7,5.7,3.7,1.41541550561868,0.606606645287419,809.617669205777,0,223.433447675981,300.270289407139,"Western Europe",5.7
"ISL","Iceland",2019,0.0712909441233141,7.7,5.7,3.7,3.83580926832462,24.6299331965041,876.583360109256,0,266.689686504727,264.872724215505,"Western Europe",5.7
"ISL","Iceland",2020,0.0712909441233141,7.7,5.7,3.7,1.41110547197521,23.1824470403722,905.728126613265,0,209.64995584567,240.089516734432,"Western Europe",5.7
"ITA","Italy",2003,0.317919075144509,5.8,3.6,2.1,0,0,1303.8233299814,0,2.30834723266068,180.845209434544,"Western Europe",3.83333333333333
"ITA","Italy",2004,0.314065510597302,5.8,3.6,2.1,0,0,1391.28647419033,0,3.14113322149146,175.924491022282,"Western Europe",3.83333333333333
"ITA","Italy",2005,0.310211946050096,5.8,3.6,2.1,0,0,1146.86070617139,0,3.38169023543058,103.234927209535,"Western Europe",3.83333333333333
"ITA","Italy",2006,0.246628131021195,5.8,3.6,2.1,0,0,1196.29153100669,0,3.79638092144442,109.847730969413,"Western Europe",3.83333333333333
"ITA","Italy",2007,0.242774566473988,5.8,3.6,2.1,0,0,1217.13787683489,0,4.11938103643909,116.167049950553,"Western Europe",3.83333333333333
"ITA","Italy",2008,0.217726396917148,5.8,3.6,2.1,0,0,1028.87690876856,0,4.1159955315399,109.903726178422,"Western Europe",3.83333333333333
"ITA","Italy",2009,0.213872832369942,5.8,3.6,2.1,0,0,969.329934546968,0,4.17485762685856,98.1608878084733,"Western Europe",3.83333333333333
"ITA","Italy",2010,0.210019267822736,5.8,3.6,2.1,0,0,960.310511026362,0,4.04865285594404,95.2337701600244,"Western Europe",3.83333333333333
"ITA","Italy",2011,0.202312138728324,5.8,3.6,2.1,0,0,1041.09831980038,0,3.88375045955207,106.882629606132,"Western Europe",3.83333333333333
"ITA","Italy",2012,0.194605009633911,5.8,3.6,2.1,0,0,1062.62485930744,0,3.94428372137123,111.463657845005,"Western Europe",3.83333333333333
"ITA","Italy",2013,0.138728323699422,5.8,3.6,2.1,0,24.4688324927544,1199.37907789229,0,3.7751768788026,109.698834028181,"Western Europe",3.83333333333333
"ITA","Italy",2014,0.13102119460501,5.8,3.6,2.1,7.57722070782516,28.538229013586,1205.4602779346,4.46995457830611,6.94360021923391,117.523467050828,"Western Europe",3.83333333333333
"ITA","Italy",2015,0.1252408477842,5.8,3.6,2.1,7.33997816368442,29.6728248569925,1322.13144142259,3.66914792000859,6.72569578633279,334.668691418312,"Western Europe",3.83333333333333
"ITA","Italy",2016,0.117533718689788,5.8,3.6,2.1,37.187679233839,35.8586465898847,1239.58706470172,3.63969889266773,6.53306950184215,312.964266136595,"Western Europe",3.83333333333333
"ITA","Italy",2017,0.107899807321773,5.8,3.6,2.1,7.15742753671553,46.691090340573,1187.49200743462,4.56076767000505,7.06993797983863,298.799532473157,"Western Europe",3.83333333333333
"ITA","Italy",2018,0.0828516377649326,5.8,3.6,2.1,6.56273592301673,60.6922692967755,1146.74010732332,5.48016207875661,7.22177694270228,293.613301301805,"Western Europe",3.83333333333333
"ITA","Italy",2019,0.0770712909441233,5.8,3.6,2.1,6.76883451000615,78.6133634443316,1078.95659493984,5.92346621342859,7.52797638714203,269.37168381887,"Western Europe",3.83333333333333
"ITA","Italy",2020,0.0789980732177264,5.8,3.6,2.1,6.95054233629797,82.9531203653521,840.167728866798,0,6.25237579398555,161.989654908988,"Western Europe",3.83333333333333
"LTU","Lithuania",2003,0.43159922928709,6,4.9,4.5,0,0,623.906850567295,0,11.9369274024834,94.7202940631534,"Eastern Europe",5.13333333333333
"LTU","Lithuania",2004,0.33140655105973,6,4.9,4.5,0,0,611.09005930002,0,12.1297939421101,100.604924472559,"Eastern Europe",5.13333333333333
"LTU","Lithuania",2005,0.341040462427746,6,4.9,4.5,0,0,554.269318725017,0,14.1846341401271,97.94808726344,"Eastern Europe",5.13333333333333
"LTU","Lithuania",2006,0.327552986512524,6,4.9,4.5,0,0,489.899376249467,0,13.3449045265487,81.7763335520637,"Eastern Europe",5.13333333333333
"LTU","Lithuania",2007,0.333333333333333,6,4.9,4.5,0,0,447.681498087371,0,10.4352651259651,71.6669861130012,"Eastern Europe",5.13333333333333
"LTU","Lithuania",2008,0.348747591522158,6,4.9,4.5,0,0,510.942544442131,0,9.87028488415954,64.9506159163698,"Eastern Europe",5.13333333333333
"LTU","Lithuania",2009,0.292870905587669,6,4.9,4.5,0,0,524.440010972052,0,9.42572981300788,62.8727252371415,"Eastern Europe",5.13333333333333
"LTU","Lithuania",2010,0.260115606936416,6,4.9,4.5,0,0,493.766161690329,0,17.7541662894738,52.5198635083556,"Eastern Europe",5.13333333333333
"LTU","Lithuania",2011,0.267822736030828,6,4.9,4.5,0,0,502.882202834352,0,18.2797145124814,47.6171013196618,"Eastern Europe",5.13333333333333
"LTU","Lithuania",2012,0.238921001926782,6,4.9,4.5,0,0,435.600352383029,0,15.2448024284308,37.4379161677611,"Eastern Europe",5.13333333333333
"LTU","Lithuania",2013,0.236994219653179,6,4.9,4.5,60.3630363053351,16.5129474854683,596.022303480837,0,8.81843268856101,93.1641476973987,"Eastern Europe",5.13333333333333
"LTU","Lithuania",2014,0.233140655105973,6,4.9,4.5,57.7754939858383,40.1141828005173,593.323186742935,0.553537666934536,14.5626828617967,90.5380046478933,"Eastern Europe",5.13333333333333
"LTU","Lithuania",2015,0.235067437379576,6,4.9,4.5,47.1233225297571,35.338165481464,487.414020952579,0.674920888233477,15.6071751461577,85.2802086054814,"Eastern Europe",5.13333333333333
"LTU","Lithuania",2016,0.238921001926782,6,4.9,4.5,26.8367355496217,16.2578675360544,417.752745381058,0.328966435770053,14.7024743066752,75.2048708513415,"Eastern Europe",5.13333333333333
"LTU","Lithuania",2017,0.229287090558767,6,4.9,4.5,26.3656155618081,18.6915237788145,364.805189302685,0.450398163347751,16.927276036122,69.0718423520796,"Eastern Europe",5.13333333333333
"LTU","Lithuania",2018,0.219653179190751,6,4.9,4.5,19.5508067399699,18.4762056601857,285.254589828846,0.277316407655468,18.840292441825,53.8862115665999,"Eastern Europe",5.13333333333333
"LTU","Lithuania",2019,0.208092485549133,6,4.9,4.5,17.4973610664364,15.6765256729678,253.200167423111,0.277460631396696,17.8815244412068,45.7377655495163,"Eastern Europe",5.13333333333333
"LTU","Lithuania",2020,0.179190751445087,6,4.9,4.5,20.0734956607313,9.69843048785835,221.832079099885,0,12.7346117675104,26.2196999683042,"Eastern Europe",5.13333333333333
"LUX","Luxembourg",2006,0.215799614643545,6.1,5.3,5,0,0,808.442911529609,0,28.0272411666158,570.382956969259,"Western Europe",5.46666666666667
"LUX","Luxembourg",2007,0.204238921001927,6.1,5.3,5,0,0,778.05400342031,0,72.5043730711786,639.315289582274,"Western Europe",5.46666666666667
"LUX","Luxembourg",2008,0.186897880539499,6.1,5.3,5,0,0,797.390599898106,0,46.5646127299198,620.67221602856,"Western Europe",5.46666666666667
"LUX","Luxembourg",2009,0.186897880539499,6.1,5.3,5,0,0,800.898499152456,0,29.868230510259,651.557346633744,"Western Europe",5.46666666666667
"LUX","Luxembourg",2010,0.183044315992293,6.1,5.3,5,0,0,860.678408134725,0,31.2215713801404,596.478540587555,"Western Europe",5.46666666666667
"LUX","Luxembourg",2011,0.144508670520231,6.1,5.3,5,0,0,1036.69150300313,0,32.2316608572247,760.083207937436,"Western Europe",5.46666666666667
"LUX","Luxembourg",2012,0.152215799614644,6.1,5.3,5,0,0,1076.02553317192,0,39.6165406915204,754.39294013233,"Western Europe",5.46666666666667
"LUX","Luxembourg",2013,0.111753371868979,6.1,5.3,5,0,0,1193.46771964098,0,39.8157159051956,785.942156833275,"Western Europe",5.46666666666667
"LUX","Luxembourg",2014,0.109826589595376,6.1,5.3,5,0.444617248646755,0,1180.90341222365,0,111.598929393008,640.582300884836,"Western Europe",5.46666666666667
"LUX","Luxembourg",2015,0.102119460500963,6.1,5.3,5,0.66472717131309,0,1192.40975765238,0,72.6768374062522,368.480428677493,"Western Europe",5.46666666666667
"LUX","Luxembourg",2016,0.0944123314065511,6.1,5.3,5,1.10428580514779,0,1235.14367306186,0,92.5391504719877,327.972884131343,"Western Europe",5.46666666666667
"LUX","Luxembourg",2017,0.0847784200385357,6.1,5.3,5,0.220162400884459,0,1207.15044441148,0,79.6987891461655,342.24245228366,"Western Europe",5.46666666666667
"LUX","Luxembourg",2018,0.115606936416185,6.1,5.3,5,0.658539319252805,0,1234.8709800394,0,78.5856920892143,473.489770502462,"Western Europe",5.46666666666667
"MKD","North Macedonia",2005,0.375722543352601,5.1,4.4,4.4,0,0,14.4228005610264,0,2.36564453645822,230.256068215162,"Eastern Europe",4.63333333333333
"MKD","North Macedonia",2006,0.327552986512524,5.1,4.4,4.4,0,0,128.04185549605,0,4.95990501027635,253.998007346422,"Eastern Europe",4.63333333333333
"MKD","North Macedonia",2007,0.317919075144509,5.1,4.4,4.4,0,0,151.154942808353,0,4.75617942203078,278.656159080083,"Eastern Europe",4.63333333333333
"MKD","North Macedonia",2008,0.30635838150289,5.1,4.4,4.4,0,0,168.544719512781,0,4.98487475849618,313.131520544054,"Eastern Europe",4.63333333333333
"MKD","North Macedonia",2009,0.304431599229287,5.1,4.4,4.4,0,0,146.081743385391,0,4.39974610124772,313.857032574074,"Eastern Europe",4.63333333333333
"MKD","North Macedonia",2010,0.302504816955684,5.1,4.4,4.4,0,0,137.912811037998,0,3.86552595939242,362.850818347498,"Eastern Europe",4.63333333333333
"MKD","North Macedonia",2011,0.292870905587669,5.1,4.4,4.4,0,0,141.187939003243,0,4.24682741598433,387.325918399631,"Eastern Europe",4.63333333333333
"MKD","North Macedonia",2012,0.290944123314065,5.1,4.4,4.4,0,0,153.43915072701,0,4.14494225528422,398.82990387573,"Eastern Europe",4.63333333333333
"MKD","North Macedonia",2013,0.269749518304432,5.1,4.4,4.4,0,0,153.509350355451,0,4.8059081029323,402.043455107848,"Eastern Europe",4.63333333333333
"MKD","North Macedonia",2014,0.279383429672447,5.1,4.4,4.4,3.00040024162512,1.93246117256594,140.484841820456,0,4.57688172448041,346.673363507669,"Eastern Europe",4.63333333333333
"MKD","North Macedonia",2015,0.271676300578035,5.1,4.4,4.4,3.91564212132298,1.01704990165178,0,0,4.09362585410598,11.2638276606904,"Eastern Europe",4.63333333333333
"MKD","North Macedonia",2016,0.271676300578035,5.1,4.4,4.4,2.36456744312591,1.77978194643103,0,0,3.81381845664139,10.9583716987604,"Eastern Europe",4.63333333333333
"MKD","North Macedonia",2017,0.248554913294798,5.1,4.4,4.4,0.432220858530919,1.09326452453223,0,0,3.48319162465721,14.5429606518104,"Eastern Europe",4.63333333333333
"MLT","Malta",2003,0.531791907514451,6.3,4.9,5.7,0,0,1768.61865153037,0,1.63609495985982,130.441389070491,"Western Europe",5.63333333333333
"MLT","Malta",2004,0.545279383429672,6.3,4.9,5.7,0,0,1822.32327621016,0,1.93168644733208,155.575054643976,"Western Europe",5.63333333333333
"MLT","Malta",2005,0.522157996146435,6.3,4.9,5.7,0,0,1526.73143864219,0,1.03919876222538,278.208354341853,"Western Europe",5.63333333333333
"MLT","Malta",2006,0.500963391136802,6.3,4.9,5.7,0,0,1370.77288160551,0,2.52171182635443,225.619040454446,"Western Europe",5.63333333333333
"MLT","Malta",2007,0.483622350674374,6.3,4.9,5.7,0,0,1388.88249504557,0,11.8581216232013,204.404371476425,"Western Europe",5.63333333333333
"MLT","Malta",2008,0.495183044315992,6.3,4.9,5.7,0,0,1262.6351896326,0,14.6628602669346,265.560691500329,"Western Europe",5.63333333333333
"MLT","Malta",2009,0.495183044315992,6.3,4.9,5.7,0,0,1071.84955011571,0,13.9085943825174,255.533430841515,"Western Europe",5.63333333333333
"MLT","Malta",2010,0.481695568400771,6.3,4.9,5.7,0,0,1203.03946099665,0,26.8951212260849,300.870696791642,"Western Europe",5.63333333333333
"MLT","Malta",2011,0.473988439306358,6.3,4.9,5.7,0,0,1310.72017720366,0,20.3601288210548,307.467452630539,"Western Europe",5.63333333333333
"MLT","Malta",2012,0.443159922928709,6.3,4.9,5.7,0,0,1324.75916338316,0,24.1507895495062,311.162306821212,"Western Europe",5.63333333333333
"MLT","Malta",2013,0.344894026974952,6.3,4.9,5.7,0,0,1292.48784449965,0,27.631079685521,273.812241783881,"Western Europe",5.63333333333333
"MLT","Malta",2014,0.333333333333333,6.3,4.9,5.7,0,0,1238.24171260606,0,22.5935099211243,289.607718085461,"Western Europe",5.63333333333333
"MLT","Malta",2015,0.339113680154143,6.3,4.9,5.7,1.75795296861162,0,1375.59819789645,0,30.471184788157,214.763254333044,"Western Europe",5.63333333333333
"MLT","Malta",2016,0.339113680154143,6.3,4.9,5.7,1.46336164612835,28.2428797711105,1412.72933315636,0,26.1941734659356,270.575568382346,"Western Europe",5.63333333333333
"MLT","Malta",2017,0.335260115606936,6.3,4.9,5.7,0.877330360595008,27.343462904854,1379.16332682702,0,23.9803631892398,285.278588926214,"Western Europe",5.63333333333333
"MLT","Malta",2018,0.327552986512524,6.3,4.9,5.7,2.33824067728818,33.1737896083118,1155.96773478101,0,27.7666080425591,281.173441438428,"Western Europe",5.63333333333333
"MLT","Malta",2019,0.285163776493256,6.3,4.9,5.7,1.16856796463569,27.3152761720647,1129.56700876882,0,35.0570389384755,283.231660420258,"Western Europe",5.63333333333333
"MLT","Malta",2020,0.294797687861272,6.3,4.9,5.7,4.96399514341901,0,835.70318238427,0,25.9879745732427,177.973825874704,"Western Europe",5.63333333333333
"MNE","Montenegro",2006,0.414258188824663,5.2,4.8,4.6,0,0,121.595097455531,0,5.05476155710352,237.292973095999,"Eastern Europe",4.86666666666667
"MNE","Montenegro",2007,0.38728323699422,5.2,4.8,4.6,0,0,104.893209102145,0,3.46213089811328,184.054364234186,"Eastern Europe",4.86666666666667
"MNE","Montenegro",2008,0.398843930635838,5.2,4.8,4.6,0,0,74.2662425058935,0,4.86378414416026,171.354856768439,"Eastern Europe",4.86666666666667
"MNE","Montenegro",2009,0.40655105973025,5.2,4.8,4.6,0,0,61.3363719627426,0,4.76852891777487,174.098055785682,"Eastern Europe",4.86666666666667
"MNE","Montenegro",2010,0.371868978805395,5.2,4.8,4.6,0,0,53.2794283144081,0,3.83237993138909,147.312945651715,"Eastern Europe",4.86666666666667
"MNE","Montenegro",2011,0.337186897880539,5.2,4.8,4.6,0,0,67.3790407681425,0,2.61666177737387,144.103302166932,"Eastern Europe",4.86666666666667
"MNE","Montenegro",2012,0.287090558766859,5.2,4.8,4.6,0,0,84.0947578794588,0,2.52284273623471,155.855617930844,"Eastern Europe",4.86666666666667
"MNE","Montenegro",2013,0.283236994219653,5.2,4.8,4.6,0,0,72.6886751052609,0,2.70947503613433,141.640143270314,"Eastern Europe",4.86666666666667
"MNE","Montenegro",2014,0.263969171483622,5.2,4.8,4.6,0,0,85.295976340354,0,3.36325865080785,118.461443589359,"Eastern Europe",4.86666666666667
"MNE","Montenegro",2015,0.254335260115607,5.2,4.8,4.6,0,0,80.2456804934249,0,4.85771290523219,115.370681496646,"Eastern Europe",4.86666666666667
"MNE","Montenegro",2016,0.215799614643545,5.2,4.8,4.6,15.7864798136806,0,55.3927960315082,0,4.11008941880532,103.219291085416,"Eastern Europe",4.86666666666667
"MNE","Montenegro",2017,0.211946050096339,5.2,4.8,4.6,15.0382286543206,0.373620587704499,49.878348455046,0,4.57685219907799,109.097211597306,"Eastern Europe",4.86666666666667
"MNE","Montenegro",2018,0.211946050096339,5.2,4.8,4.6,46.2331183576082,0.0934002391230436,61.7375580480856,0,4.29641099885434,89.3840288260895,"Eastern Europe",4.86666666666667
"MNE","Montenegro",2019,0.194605009633911,5.2,4.8,4.6,36.8916011311616,0.840568127105822,56.9718397212541,7.93869897744283,7.37832022620009,78.0794393558019,"Eastern Europe",4.86666666666667
"MNE","Montenegro",2020,0.215799614643545,5.2,4.8,4.6,29.9797779751402,0.28018484090422,42.1211210810972,0,5.04332713611483,53.048329875395,"Eastern Europe",4.86666666666667
"NOR","Norway",2003,0.127167630057803,7.5,7.2,5.9,0,0,1509.76017852684,0,27.5090497288771,356.294117065548,"Western Europe",6.86666666666667
"NOR","Norway",2004,0.109826589595376,7.5,7.2,5.9,0,0,1691.41201170831,0,27.3934719390353,325.280937324415,"Western Europe",6.86666666666667
"NOR","Norway",2005,0.107899807321773,7.5,7.2,5.9,0,0,1566.70959042541,0,28.0711040758997,304.771987109782,"Western Europe",6.86666666666667
"NOR","Norway",2006,0.115606936416185,7.5,7.2,5.9,0,0,1507.33877300181,0,30.6914054399528,277.27079708973,"Western Europe",6.86666666666667
"NOR","Norway",2007,0.1252408477842,7.5,7.2,5.9,0,0,1452.72900268562,0,32.3536332335905,266.459639744904,"Western Europe",6.86666666666667
"NOR","Norway",2008,0.129094412331407,7.5,7.2,5.9,0,0,1404.55470665566,0,32.9566800370344,273.530272492699,"Western Europe",6.86666666666667
"NOR","Norway",2009,0.123314065510597,7.5,7.2,5.9,0,0,1478.97642205663,0,34.6573129141491,290.285503853486,"Western Europe",6.86666666666667
"NOR","Norway",2010,0.111753371868979,7.5,7.2,5.9,0,0,1398.38668553093,0,34.4251420807269,263.424521946478,"Western Europe",6.86666666666667
"NOR","Norway",2011,0.092485549132948,7.5,7.2,5.9,0,0,1374.77669089899,0,37.9739434195737,228.118097474123,"Western Europe",6.86666666666667
"NOR","Norway",2012,0.0770712909441233,7.5,7.2,5.9,0,0,1437.32253163698,0,38.0149428460042,220.06190918793,"Western Europe",6.86666666666667
"NOR","Norway",2013,0.0674373795761079,7.5,7.2,5.9,0.954958614909059,0,1697.30686923753,0,71.6422143858523,202.908387397872,"Western Europe",6.86666666666667
"NOR","Norway",2014,0.0578034682080925,7.5,7.2,5.9,0.731285169349933,0,1552.65045212553,0,77.6629473621286,241.517083915687,"Western Europe",6.86666666666667
"NOR","Norway",2015,0.0500963391136802,7.5,7.2,5.9,1.55365285693762,0,1398.43989015204,0,90.3770247788908,117.871782467446,"Western Europe",6.86666666666667
"NOR","Norway",2016,0.0366088631984586,7.5,7.2,5.9,0.964509198441469,0,1324.42342038361,18.8434639190463,123.433532411147,113.804938570536,"Western Europe",6.86666666666667
"NOR","Norway",2017,0.0173410404624277,7.5,7.2,5.9,1.12677242348572,0,1200.13444425192,16.8609819406831,135.714669275815,122.400156911586,"Western Europe",6.86666666666667
"NOR","Norway",2018,0.00770712909441233,7.5,7.2,5.9,0.649576681478978,0,1207.88783921501,15.3563987356565,146.335256747775,122.318439630648,"Western Europe",6.86666666666667
"NOR","Norway",2019,0.00385356454720617,7.5,7.2,5.9,0.801709101113006,0,1213.49328080697,17.9826395845193,122.917547743429,129.604676106186,"Western Europe",6.86666666666667
"NOR","Norway",2020,0,7.5,7.2,5.9,0.720420555683857,0,1113.45562927251,0,115.460077509832,49.7427785963759,"Western Europe",6.86666666666667
"POL","Poland",2003,0.273603082851638,5.2,4.2,3.5,0,0,442.708099719324,0,3.05812766456041,456.285290974358,"Eastern Europe",4.3
"POL","Poland",2004,0.267822736030828,5.2,4.2,3.5,0,0,446.585374165952,0,2.86585047505641,415.316522153606,"Eastern Europe",4.3
"POL","Poland",2005,0.275529865125241,5.2,4.2,3.5,0,0,426.907242856243,0,2.61693781638726,346.631654640585,"Eastern Europe",4.3
"POL","Poland",2006,0.279383429672447,5.2,4.2,3.5,0,0,369.702425728468,0,2.63537882249095,275.2159952022,"Eastern Europe",4.3
"POL","Poland",2007,0.292870905587669,5.2,4.2,3.5,0,0,317.541440956012,0,7.29108358688468,216.515944442405,"Eastern Europe",4.3
"POL","Poland",2008,0.30635838150289,5.2,4.2,3.5,0,0,282.389817710898,0,6.460035519471,191.217051376341,"Eastern Europe",4.3
"POL","Poland",2009,0.308285163776493,5.2,4.2,3.5,0,0,274.197977227813,0,6.21243579826286,220.29716156536,"Eastern Europe",4.3
"POL","Poland",2010,0.302504816955684,5.2,4.2,3.5,0,0,290.346531957025,0,6.14527644240899,224.529119841112,"Eastern Europe",4.3
"POL","Poland",2011,0.265895953757225,5.2,4.2,3.5,0,0,325.073692826272,0,5.96354328673123,216.065178966771,"Eastern Europe",4.3
"POL","Poland",2012,0.265895953757225,5.2,4.2,3.5,0,0,325.284427093134,0,5.5421140460525,203.343430614616,"Eastern Europe",4.3
"POL","Poland",2013,0.262042389210019,5.2,4.2,3.5,23.8398953370298,20.1271355472446,440.21688398036,0,8.04716648302805,193.943297483671,"Eastern Europe",4.3
"POL","Poland",2014,0.252408477842004,5.2,4.2,3.5,19.2671913740776,32.4653952676871,395.412709705519,1.83597407720625,15.805971951621,208.437057000518,"Eastern Europe",4.3
"POL","Poland",2015,0.23121387283237,5.2,4.2,3.5,14.9222869077673,45.8837273868418,378.37545994345,1.74378710202074,9.86082630878111,179.064808773834,"Eastern Europe",4.3
"POL","Poland",2016,0.227360308285164,5.2,4.2,3.5,17.4642662924343,46.4976212057463,328.893226677914,1.67793931044986,15.2479018415151,168.27945135183,"Eastern Europe",4.3
"POL","Poland",2017,0.213872832369942,5.2,4.2,3.5,16.3737782701814,48.8157752417915,327.661271865602,1.46721275683624,15.7234626855582,151.077705844186,"Eastern Europe",4.3
"POL","Poland",2018,0.20616570327553,5.2,4.2,3.5,25.1336466192012,51.9426062656772,299.91395863323,1.30126515012126,19.8597535035684,147.821927793277,"Eastern Europe",4.3
"POL","Poland",2019,0.186897880539499,5.2,4.2,3.5,13.6580478556762,69.0580928848926,335.573099228953,1.48960965523386,47.0290420666855,153.682694005816,"Eastern Europe",4.3
"POL","Poland",2020,0.184971098265896,5.2,4.2,3.5,16.6386318806025,64.4472045580604,327.219841600973,0,16.354143280418,110.800749118216,"Eastern Europe",4.3
"ROU","Romania",2003,0.703275529865125,6.4,5.8,4.8,0,0,149.250392119771,0,2.46167109269926,63.1645269289639,"Eastern Europe",5.66666666666667
"ROU","Romania",2004,0.672447013487476,6.4,5.8,4.8,0,0,123.174931285485,0,2.38661603161775,56.5024458608034,"Eastern Europe",5.66666666666667
"ROU","Romania",2005,0.670520231213873,6.4,5.8,4.8,0,0,110.877551543426,0,2.53696292804853,73.2989446970977,"Eastern Europe",5.66666666666667
"ROU","Romania",2006,0.66281310211946,6.4,5.8,4.8,0,0,107.418260091016,0,2.79502863748119,77.66472943395,"Eastern Europe",5.66666666666667
"ROU","Romania",2007,0.674373795761079,6.4,5.8,4.8,0,0,115.680774648379,0,6.54456587689422,58.1021198669037,"Eastern Europe",5.66666666666667
"ROU","Romania",2008,0.682080924855491,6.4,5.8,4.8,0,0,104.88323504077,0,6.46722340534604,56.2838796055496,"Eastern Europe",5.66666666666667
"ROU","Romania",2009,0.684007707129094,6.4,5.8,4.8,0,0,123.734340494071,0,6.54265551986523,58.0798443870997,"Eastern Europe",5.66666666666667
"ROU","Romania",2010,0.66281310211946,6.4,5.8,4.8,0,0,128.651376071161,0,5.96927956496985,73.4023495981137,"Eastern Europe",5.66666666666667
"ROU","Romania",2011,0.630057803468208,6.4,5.8,4.8,0,0,123.254699909154,0,5.27307569271616,78.0765905893374,"Eastern Europe",5.66666666666667
"ROU","Romania",2012,0.601156069364162,6.4,5.8,4.8,0,0,146.194564007521,0,6.10239993698286,101.027786148873,"Eastern Europe",5.66666666666667
"ROU","Romania",2013,0.578034682080925,6.4,5.8,4.8,0,0,151.433706316197,0,6.79897233936674,101.177927355342,"Eastern Europe",5.66666666666667
"ROU","Romania",2014,0.581888246628131,6.4,5.8,4.8,0,0,425.444459978333,0,5.9899525615246,150.57052229421,"Eastern Europe",5.66666666666667
"ROU","Romania",2015,0.585741811175337,6.4,5.8,4.8,11.1033887657116,0,285.824576013184,0,8.71836482505888,84.3306459000358,"Eastern Europe",5.66666666666667
"ROU","Romania",2016,0.589595375722543,6.4,5.8,4.8,7.11521873821638,0,236.548453382472,9.25479507709504,8.96417346667308,78.2555201884245,"Eastern Europe",5.66666666666667
"ROU","Romania",2017,0.518304431599229,6.4,5.8,4.8,27.362018246219,2.4428136425278,275.394040984037,8.95447790606109,9.59336762794062,81.1236853276954,"Eastern Europe",5.66666666666667
"ROU","Romania",2018,0.516377649325626,6.4,5.8,4.8,22.0387828692841,2.86383911091241,284.204086046295,9.14273745907313,10.6961759969284,89.6293632584373,"Eastern Europe",5.66666666666667
"ROU","Romania",2019,0.508670520231214,6.4,5.8,4.8,20.6164013484222,2.73866391271628,275.37729185668,8.07818156870052,12.2726219986105,87.3503365636178,"Eastern Europe",5.66666666666667
"ROU","Romania",2020,0.506743737957611,6.4,5.8,4.8,17.2143262366478,0,252.982941121585,0,11.7919387583205,66.5036570226146,"Eastern Europe",5.66666666666667
"SRB","Serbia",2006,0.425818882466281,4.3,3.4,3.2,0,0,143.416543043365,0,4.01616873694364,142.714415641804,"Eastern Europe",3.63333333333333
"SRB","Serbia",2007,0.35645472061657,4.3,3.4,3.2,0,0,150.375596162397,0,3.6793431261327,138.382622766377,"Eastern Europe",3.63333333333333
"SRB","Serbia",2008,0.350674373795761,4.3,3.4,3.2,0,0,139.477851603615,0,3.92529421771013,138.473706571447,"Eastern Europe",3.63333333333333
"SRB","Serbia",2009,0.348747591522158,4.3,3.4,3.2,0,0,125.228773163074,0,3.97462488703066,142.27190850068,"Eastern Europe",3.63333333333333
"SRB","Serbia",2010,0.346820809248555,4.3,3.4,3.2,0,0,134.791404655694,0,3.96775782173881,141.912300994447,"Eastern Europe",3.63333333333333
"SRB","Serbia",2011,0.342967244701349,4.3,3.4,3.2,0,0,146.769856067174,0,3.58865957463714,156.580731655829,"Eastern Europe",3.63333333333333
"SRB","Serbia",2012,0.292870905587669,4.3,3.4,3.2,0,0,145.102659576221,0,3.30082038627313,159.640315320276,"Eastern Europe",3.63333333333333
"SRB","Serbia",2013,0.283236994219653,4.3,3.4,3.2,33.9501824853797,0.119394518463964,250.763604807401,0,3.68016045145093,262.000735956811,"Eastern Europe",3.63333333333333
"SRB","Serbia",2014,0.279383429672447,4.3,3.4,3.2,22.5029329625381,0.0772572604863096,217.977848759709,7.0585042532258,4.59328712248546,221.496565805325,"Eastern Europe",3.63333333333333
"SRB","Serbia",2015,0.279383429672447,4.3,3.4,3.2,33.5024595487935,0.154518681353179,201.077969480671,6.81286913252907,4.54951005164881,189.432879767226,"Eastern Europe",3.63333333333333
"SRB","Serbia",2016,0.252408477842004,4.3,3.4,3.2,21.4716894390837,0.203689562877297,184.058103288095,6.3635428955962,5.00793862369006,164.665452146088,"Eastern Europe",3.63333333333333
"SRB","Serbia",2017,0.238921001926782,4.3,3.4,3.2,22.2239178684156,0.119407902575566,171.301172242074,6.94673033246484,5.33997450703924,141.856588265079,"Eastern Europe",3.63333333333333
"SRB","Serbia",2018,0.227360308285164,4.3,3.4,3.2,18.0031129758093,0.182630096517929,157.132125348701,5.07852153004476,7.445664549342,121.111850928188,"Eastern Europe",3.63333333333333
"SRB","Serbia",2019,0.219653179190751,4.3,3.4,3.2,17.8071301202988,0.182637232009048,148.758025466445,4.98740133546287,9.27932517800798,100.029007066323,"Eastern Europe",3.63333333333333
"SRB","Serbia",2020,0.221579961464355,4.3,3.4,3.2,12.2302199606769,0.0140496495800781,123.004682085912,0,7.59383559879273,74.0627277686153,"Eastern Europe",3.63333333333333
"SVK","Slovakia",2003,0.323699421965318,4.4,3.6,3.5,0,0,322.888896017515,0,2.19428083684954,261.59029530091,"Eastern Europe",3.83333333333333
"SVK","Slovakia",2004,0.341040462427746,4.4,3.6,3.5,0,0,412.657295647461,0,2.10952654674116,307.491746774573,"Eastern Europe",3.83333333333333
"SVK","Slovakia",2005,0.342967244701349,4.4,3.6,3.5,0,0,230.588523082141,0,1.88350845891479,251.062260030894,"Eastern Europe",3.83333333333333
"SVK","Slovakia",2006,0.319845857418112,4.4,3.6,3.5,0,0,360.089496503888,0,4.3038210038263,224.608601622038,"Eastern Europe",3.83333333333333
"SVK","Slovakia",2007,0.323699421965318,4.4,3.6,3.5,0,0,349.40997081744,0,4.47333664326494,202.929385240484,"Eastern Europe",3.83333333333333
"SVK","Slovakia",2008,0.327552986512524,4.4,3.6,3.5,0,0,317.775701532331,0,3.80468196127139,181.14618199318,"Eastern Europe",3.83333333333333
"SVK","Slovakia",2009,0.342967244701349,4.4,3.6,3.5,0,0,297.111854063991,0,7.23261922472145,182.472955856808,"Eastern Europe",3.83333333333333
"SVK","Slovakia",2010,0.364161849710983,4.4,3.6,3.5,0,0,261.972492040338,0,6.39439650927892,173.289087138736,"Eastern Europe",3.83333333333333
"SVK","Slovakia",2011,0.358381502890173,4.4,3.6,3.5,0,0,237.304693580436,0,8.72035184955227,150.355440204591,"Eastern Europe",3.83333333333333
"SVK","Slovakia",2012,0.33140655105973,4.4,3.6,3.5,0,0,220.198608974182,0,6.86502099565258,141.434499772865,"Eastern Europe",3.83333333333333
"SVK","Slovakia",2013,0.33140655105973,4.4,3.6,3.5,1.97753291133611,2.26003761295027,269.339982523408,0,7.5711260033834,132.859143068451,"Eastern Europe",3.83333333333333
"SVK","Slovakia",2014,0.337186897880539,4.4,3.6,3.5,2.82498032065736,0.790994489779992,244.153632513469,6.03604128512963,15.3107763505643,133.528850778334,"Eastern Europe",3.83333333333333
"SVK","Slovakia",2015,0.341040462427746,4.4,3.6,3.5,2.90966373651684,0.282491624902752,278.903981268013,5.56508501061196,14.5909479907811,122.390324082038,"Eastern Europe",3.83333333333333
"SVK","Slovakia",2016,0.342967244701349,4.4,3.6,3.5,2.48587359307187,1.9114861340722,258.267200420133,6.69490956316126,14.1069846883513,118.040490438674,"Eastern Europe",3.83333333333333
"SVK","Slovakia",2017,0.344894026974952,4.4,3.6,3.5,3.85114554787826,2.71180908993655,233.507477852566,6.34638655077439,15.8628145470552,112.75893237501,"Eastern Europe",3.83333333333333
"SVK","Slovakia",2018,0.346820809248555,4.4,3.6,3.5,3.37087237194316,4.09589240724916,200.698727955625,6.86415072388217,16.1010770956621,98.8880645209899,"Eastern Europe",3.83333333333333
"SVK","Slovakia",2019,0.346820809248555,4.4,3.6,3.5,3.022446274072,4.01109692446472,171.027146798484,8.32349690429858,16.1040063110282,87.896993326325,"Eastern Europe",3.83333333333333
"SVK","Slovakia",2020,0.327552986512524,4.4,3.6,3.5,2.78702909296378,0.583769607314105,160.498979454808,0,11.9013674780618,56.9449727564868,"Eastern Europe",3.83333333333333
"SWE","Sweden",2003,0.0674373795761079,7.1,6.7,5.5,0,0,2423.39653430205,0,65.7357735483447,1043.38080190147,"Western Europe",6.43333333333333
"SWE","Sweden",2004,0.0655105973025048,7.1,6.7,5.5,0,0,2367.20761934661,0,67.3417987462726,1035.4385752622,"Western Europe",6.43333333333333
"SWE","Sweden",2005,0.0635838150289017,7.1,6.7,5.5,0,0,2663.4781649828,0,79.8920244568078,1038.99460973274,"Western Europe",6.43333333333333
"SWE","Sweden",2006,0.0635838150289017,7.1,6.7,5.5,0,0,2480.20906898762,0,84.1665069680527,984.089667997759,"Western Europe",6.43333333333333
"SWE","Sweden",2007,0.0635838150289017,7.1,6.7,5.5,0,0,2431.99629606264,0,89.3740306825848,997.78522907063,"Western Europe",6.43333333333333
"SWE","Sweden",2008,0.0655105973025048,7.1,6.7,5.5,0,0,2317.22834765815,0,103.951035909977,996.839411883597,"Western Europe",6.43333333333333
"SWE","Sweden",2009,0.0674373795761079,7.1,6.7,5.5,0,0,2260.92019975736,0,114.092383295004,1017.57282435063,"Western Europe",6.43333333333333
"SWE","Sweden",2010,0.0732177263969171,7.1,6.7,5.5,0,0,2132.50440277218,0,147.408456453964,570.836845575507,"Western Europe",6.43333333333333
"SWE","Sweden",2011,0.0732177263969171,7.1,6.7,5.5,0,0,2195.69407548858,0,153.319546032806,582.380726022478,"Western Europe",6.43333333333333
"SWE","Sweden",2012,0.0674373795761079,7.1,6.7,5.5,0,0,2160.29584201072,0,147.574677631954,544.638399372375,"Western Europe",6.43333333333333
"SWE","Sweden",2013,0.0655105973025048,7.1,6.7,5.5,32.134228424805,365.412083230998,3047.94350697335,0,158.054763162158,555.476564211294,"Western Europe",6.43333333333333
"SWE","Sweden",2014,0.0578034682080925,7.1,6.7,5.5,23.8055829202477,412.166657470927,3111.28249356271,29.1759016708452,215.587519330709,906.276166233024,"Western Europe",6.43333333333333
"SWE","Sweden",2015,0.0481695568400771,7.1,6.7,5.5,240.50510112478,549.487164854207,3274.67925202645,29.783897024048,183.723080448798,907.160158547382,"Western Europe",6.43333333333333
"SWE","Sweden",2016,0.046242774566474,7.1,6.7,5.5,224.877689302637,680.835602388272,3289.6831517896,32.7529900211085,204.041630366414,923.351600806742,"Western Europe",6.43333333333333
"SWE","Sweden",2017,0.0404624277456647,7.1,6.7,5.5,224.718699706703,714.960507458211,3400.16752170642,23.9542196897243,231.255044924446,913.585379242343,"Western Europe",6.43333333333333
"SWE","Sweden",2018,0.0327552986512524,7.1,6.7,5.5,224.029917540975,919.669098375802,3523.05599991081,20.0639642932928,226.141355348682,843.506170482849,"Western Europe",6.43333333333333
"SWE","Sweden",2019,0.0192678227360308,7.1,6.7,5.5,219.670949543531,5.98379210539475,3444.18692034403,24.9802101279506,243.64855620711,837.355453663626,"Western Europe",6.43333333333333
"SWE","Sweden",2020,0.0192678227360308,7.1,6.7,5.5,210.735364356516,0,3292.29979834992,0,250.593034708984,529.149258821008,"Western Europe",6.43333333333333
"TUR","Turkiye",2003,0.988439306358382,6.5,5.4,4.9,0,0,61.0986349998172,0,2.96818775987849,121.168848153728,"Eastern Europe",5.6
"TUR","Turkiye",2004,1,6.5,5.4,4.9,0,0,61.9122365913909,0,3.01402494811294,124.496326018311,"Eastern Europe",5.6
"TUR","Turkiye",2005,0.996146435452794,6.5,5.4,4.9,0,0,91.195251654855,0,3.1356952836387,158.043964685063,"Eastern Europe",5.6
"TUR","Turkiye",2006,0.97495183044316,6.5,5.4,4.9,0,0,136.269880964056,0,3.38108787306779,215.756376649304,"Eastern Europe",5.6
"TUR","Turkiye",2007,0.86897880539499,6.5,5.4,4.9,0,0,115.703983011743,0,2.41055507642801,147.676430820428,"Eastern Europe",5.6
"TUR","Turkiye",2008,0.842003853564547,6.5,5.4,4.9,0,0,97.4535411937367,0,2.47170803325283,173.129312549873,"Eastern Europe",5.6
"TUR","Turkiye",2009,0.815028901734104,6.5,5.4,4.9,0,0,116.097022225059,0,2.11448299093969,199.879503038088,"Eastern Europe",5.6
"TUR","Turkiye",2010,0.786127167630058,6.5,5.4,4.9,0,0,138.310036538305,0,2.78422569885979,224.372940468724,"Eastern Europe",5.6
"TUR","Turkiye",2011,0.709055876685935,6.5,5.4,4.9,0,0,139.584818094934,0,3.14199861187825,240.960831309079,"Eastern Europe",5.6
"TUR","Turkiye",2012,0.685934489402697,6.5,5.4,4.9,0,0,159.574634773494,0,3.67600429462936,269.76231479797,"Eastern Europe",5.6
"TUR","Turkiye",2013,0.655105973025048,6.5,5.4,4.9,12.4124710787318,13.4180787661892,213.301229013175,0,49.570074181004,89.7784196525668,"Eastern Europe",5.6
"TUR","Turkiye",2014,0.639691714836223,6.5,5.4,4.9,11.838240311665,11.2090843939776,200.190629297414,0,55.4654812085531,103.059197679513,"Eastern Europe",5.6
"TUR","Turkiye",2015,0.61849710982659,6.5,5.4,4.9,0,0,0,0,0,22.565996177354,"Eastern Europe",5.6
"TUR","Turkiye",2016,0.595375722543353,6.5,5.4,4.9,5.47927843101171,0,0,0,3.67635042682642,7.24363401754409,"Eastern Europe",5.6
"TUR","Turkiye",2017,0.572254335260116,6.5,5.4,4.9,2.0376472196218,0,0,0,4.20630504703209,8.09406145888544,"Eastern Europe",5.6
"TUR","Turkiye",2018,0.524084778420038,6.5,5.4,4.9,2.79439848168188,0,0,0,5.03616842022282,7.3012139291694,"Eastern Europe",5.6
"TUR","Turkiye",2019,0.506743737957611,6.5,5.4,4.9,4.01862982613556,0,0,0,5.69643936632196,7.24257776542451,"Eastern Europe",5.6
"TUR","Turkiye",2020,0.506743737957611,6.5,5.4,4.9,1.7030577730228,0,21.631693205251,0,5.21956285062647,0,"Eastern Europe",5.6
